{
    
    "Haitian Creole":[[
        -72.33179106730078,
        18.946199616160314
      ],
      [
        -70.44295164779165,
        18.970168733061016
      ]
    ], 
    "Jamaican Creole": [[
        -77.23249112775078,
        18.106659099707855
      ]],
    "Louisiana Creole": [[
        -92.42215259572839,
        30.877173329840574
      ]],
    "Suriname Saramaccan Creole":[[
        -56.06830527989747,
        4.318763294595016
    ]],
    "Martinique Antillean Creole":[[
        -60.984525685480605,
        14.633296134676826
      ]],
    "Antillean Creole":[[
        -60.97625737090054,
        13.854575743392488
      ],
      [
        -61.17221799732815,
        13.242542119347945
      ],
      [
        -61.66032736759374,
        12.102364508664081
      ],
      [
        -61.29520753307003,
        10.449200050501304
      ],
      [
        -65.95097513814818,
        7.625881364941009
      ],
      [
        -61.345726173194635,
        15.43847496469047
      ],
      [
        -61.60885783707536,
        16.188508825672628
      ],
      [
        -62.836025949185455,
        17.894137344474558
      ],
      [
        -53.13112570197802,
        3.951936239201018
      ]
    ],

    "Nigerian Pidgin English":[[
        6.625541933450393,
        7.292380652309589
      ]]
    
    
}