{
    
"Haitian Creole":
    [[
      [-73.77020141547568,20.19594264643547],
      [-73.77020141547568,17.546342126487247],
      [-68.2470585156804,17.546342126487247],
      [-68.2470585156804,20.19594264643547],
      [-73.77020141547568,20.19594264643547]
    ]], 



"Jamaican Creole": 
[
    [
      [
        -78.4434275022526,
        18.62417548770719
      ],
      [
        -78.4434275022526,
        17.35987933197333
      ],
      [
        -75.99627269272493,
        17.35987933197333
      ],
      [
        -75.99627269272493,
        18.62417548770719
      ],
      [
        -78.4434275022526,
        18.62417548770719
      ]
    ]
  ],



"Louisiana Creole": [[
      [
        -94.25261449939785,
        33.19253893791138
      ],
      [
        -94.25261449939785,
        29.056108486445964
      ],
      [
        -89.3862882442906,
        29.056108486445964
      ],
      [
        -89.3862882442906,
        33.19253893791138
      ],
      [
        -94.25261449939785,
        33.19253893791138
      ]
  ]]


}