{
    
"Haitian Creole":[[
      [-73.77020141547568,20.19594264643547],
      [-73.77020141547568,17.546342126487247],
      [-68.2470585156804,17.546342126487247],
      [-68.2470585156804,20.19594264643547],
      [-73.77020141547568,20.19594264643547]
    ]], 
"Jamaican Creole": [[
      [-78.4434275022526,18.62417548770719],
      [-78.4434275022526,17.35987933197333],
      [-75.99627269272493,17.35987933197333],
      [-75.99627269272493,18.62417548770719],
      [-78.4434275022526,18.62417548770719]
    ]],
"Louisiana Creole": [[
      [-94.25261449939785,33.19253893791138],
      [-94.25261449939785,29.056108486445964],
      [-89.3862882442906,29.056108486445964],
      [-89.3862882442906,33.19253893791138],
      [-94.25261449939785,33.19253893791138]
  ]],
  "Saramaccan": [[
      [-54.19789058947049,6.073281546173462],
      [-57.546088334476394,6.073281546173462],
      [-57.546088334476394,1.8749363737845215],
      [-54.19789058947049,1.8749363737845215],
      [-54.19789058947049,6.073281546173462]
    ]],
  "Martinique Antillean Creole":[
    [
      [
        -61.3920944806719,
        14.899103374183028
      ],
      [
        -61.3920944806719,
        14.356531261905161
      ],
      [
        -60.58540121970505,
        14.356531261905161
      ],
      [
        -60.58540121970505,
        14.899103374183028
      ],
      [
        -61.3920944806719,
        14.899103374183028
      ]
    ]],

    "St. Lucia Creole":[
      [
        [
          -61.224853194862135,
          14.137222804487067
        ],
        [
          -61.224853194862135,
          13.688415896491179
        ],
        [
          -60.673940723957045,
          13.688415896491179
        ],
        [
          -60.673940723957045,
          14.137222804487067
        ],
        [
          -61.224853194862135,
          14.137222804487067
        ]
      ]]


}